Distance_km,Shipment_Volume,Traffic_Index,Number_of_Stops,Transport_Mode,Weather,Priority,Transportation_Cost,Delivery_Time_days
240,145,6,8,Rail,Rain,Express,2512.0,6.4
930,129,1,3,Road,Clear,Express,6014.0,4.86
425,220,10,7,Rail,Fog,Standard,4018.0,8.44
624,232,1,5,Road,Fog,Express,4888.0,5.92
474,293,4,7,Road,Clear,Standard,4958.0,5.09
1273,133,2,5,Rail,Rain,Express,5726.0,7.34
1571,190,5,1,Road,Rain,Standard,8061.0,8.36
806,243,9,8,Road,Fog,Express,6334.0,8.13
1334,154,9,4,Road,Rain,Standard,8035.0,8.71
426,67,8,5,Rail,Clear,Standard,2587.0,6.65
165,128,3,5,Air,Fog,Standard,3081.0,4.41
744,121,6,1,Road,Clear,Standard,4561.0,5.18
619,157,3,3,Road,Clear,Standard,4122.0,5.64
684,252,4,6,Road,Clear,Standard,5186.0,5.59
933,293,9,2,Road,Clear,Standard,6287.0,7.12
449,125,6,4,Air,Clear,Express,4908.0,3.11
957,189,9,5,Air,Clear,Express,9264.0,4.84
781,80,5,1,Air,Clear,Standard,7359.0,4.58
766,63,2,5,Rail,Clear,Express,3799.0,5.11
973,79,3,3,Road,Clear,Standard,4992.0,5.82
340,237,5,5,Rail,Clear,Express,3628.0,4.45
1557,112,3,3,Road,Clear,Express,8402.0,6.68
422,97,4,8,Road,Rain,Standard,3732.0,6.41
1553,93,4,2,Air,Clear,Standard,12842.0,5.2
1424,40,8,7,Road,Rain,Standard,6787.0,9.08
313,257,3,8,Rail,Fog,Standard,3653.0,7.31
1239,88,9,8,Air,Rain,Standard,11098.0,7.21
1365,214,1,3,Road,Clear,Express,7194.0,5.83
796,257,3,4,Road,Fog,Standard,5955.0,6.84
772,160,2,2,Road,Clear,Standard,5289.0,4.67
349,48,3,3,Road,Clear,Express,2374.0,4.8
360,64,1,7,Road,Clear,Express,3469.0,3.31
562,275,2,2,Road,Clear,Standard,4778.0,4.1
116,179,2,5,Road,Clear,Standard,2424.0,3.61
1025,288,2,5,Rail,Clear,Standard,6128.0,5.46
1442,234,5,1,Air,Rain,Standard,12964.0,6.82
1017,91,2,6,Rail,Clear,Standard,5285.0,6.91
672,280,8,3,Road,Clear,Express,5696.0,5.13
1509,34,7,3,Road,Rain,Standard,7894.0,8.32
908,257,6,3,Road,Rain,Standard,6433.0,7.34
1482,194,7,3,Rail,Clear,Standard,7253.0,8.5
1588,87,9,2,Road,Clear,Standard,7629.0,8.24
466,215,2,6,Air,Clear,Standard,6057.0,3.01
1497,264,2,8,Rail,Clear,Express,8830.0,7.93
1419,261,5,5,Rail,Clear,Standard,7218.0,8.73
724,52,3,5,Rail,Clear,Standard,3729.0,7.14
642,205,8,1,Rail,Clear,Standard,4289.0,6.52
894,226,8,2,Air,Rain,Standard,9395.0,6.29
1344,47,4,7,Air,Clear,Standard,11515.0,6.18
1368,103,8,8,Road,Clear,Standard,7420.0,8.54
250,294,3,3,Road,Rain,Standard,3936.0,4.8
616,47,3,1,Road,Rain,Express,3580.0,5.07
441,211,2,7,Road,Clear,Standard,4324.0,5.49
892,111,5,8,Road,Rain,Express,4715.0,7.76
175,213,3,4,Air,Fog,Standard,2985.0,3.47
945,277,8,8,Road,Clear,Express,8303.0,6.75
602,72,8,6,Air,Rain,Standard,5845.0,6.08
387,182,8,4,Road,Clear,Standard,2354.0,5.47
1123,129,2,3,Road,Rain,Express,6715.0,6.11
1023,124,6,3,Road,Rain,Express,5893.0,7.23
1157,213,5,8,Road,Clear,Standard,7756.0,7.41
1582,291,9,1,Road,Clear,Standard,9120.0,8.55
478,143,4,6,Road,Clear,Standard,4539.0,6.24
1319,86,4,6,Road,Rain,Standard,6669.0,8.48
577,132,1,2,Road,Clear,Standard,4355.0,5.23
854,141,9,8,Rail,Rain,Standard,5045.0,8.81
1294,247,4,4,Road,Clear,Express,8229.0,6.84
377,85,6,5,Air,Clear,Express,4495.0,3.25
1286,221,10,2,Air,Clear,Standard,11568.0,6.66
1438,144,5,4,Road,Rain,Standard,6990.0,7.94
1509,158,9,3,Air,Clear,Standard,12904.0,7.16
1444,291,5,1,Rail,Clear,Standard,6822.0,8.26
154,238,6,3,Road,Rain,Standard,3280.0,6.38
342,237,3,4,Road,Clear,Standard,3656.0,5.25
1339,142,8,8,Road,Rain,Standard,7909.0,8.45
482,193,4,7,Rail,Clear,Standard,4193.0,5.5
134,203,7,8,Rail,Rain,Standard,3805.0,7.6
112,243,7,7,Rail,Fog,Express,3597.0,6.6
1520,72,9,2,Air,Clear,Standard,13052.0,6.03
1245,299,7,4,Rail,Rain,Standard,6384.0,9.49
1393,192,9,5,Rail,Rain,Standard,7116.0,10.15
1035,233,2,2,Road,Fog,Standard,6620.0,7.99
1193,269,9,3,Road,Clear,Standard,7431.0,7.69
1275,76,4,8,Air,Clear,Standard,10921.0,6.1
443,216,1,6,Road,Rain,Standard,4049.0,6.2
244,73,4,1,Road,Clear,Standard,2205.0,4.86
373,60,5,2,Road,Clear,Standard,3072.0,4.18
871,267,3,3,Air,Clear,Express,9454.0,2.35
1169,187,8,8,Road,Rain,Express,7571.0,6.75
571,133,5,5,Road,Clear,Standard,4601.0,5.68
412,232,5,6,Road,Rain,Standard,4305.0,6.47
535,288,9,4,Rail,Clear,Standard,4299.0,6.25
1426,154,3,5,Road,Rain,Express,7727.0,7.68
1072,192,9,1,Air,Rain,Standard,9650.0,6.89
1274,266,6,8,Road,Clear,Standard,8223.0,8.32
1225,48,7,2,Road,Rain,Standard,5952.0,6.88
163,243,10,5,Road,Clear,Standard,2677.0,5.19
1254,124,10,3,Rail,Fog,Standard,6107.0,10.36
1254,74,7,2,Rail,Rain,Standard,5012.0,7.61
116,83,8,7,Rail,Rain,Standard,2041.0,5.89
126,116,2,8,Road,Rain,Standard,3182.0,4.82
689,159,8,4,Road,Clear,Express,4085.0,6.69
124,115,9,7,Rail,Clear,Standard,2284.0,6.9
1072,270,6,3,Road,Fog,Standard,6899.0,8.51
467,201,5,3,Road,Fog,Standard,4709.0,7.33
156,267,7,4,Road,Rain,Standard,2721.0,6.49
130,132,6,5,Rail,Clear,Standard,2673.0,5.44
1492,153,8,7,Road,Rain,Standard,8763.0,10.6
771,249,8,4,Road,Clear,Express,4974.0,5.91
502,82,1,4,Road,Clear,Standard,2925.0,4.62
1348,288,3,6,Road,Fog,Express,9049.0,7.12
449,165,4,7,Road,Clear,Express,3951.0,4.99
775,265,6,7,Road,Clear,Express,6438.0,5.6
1387,299,4,4,Rail,Clear,Standard,7655.0,7.67
914,51,6,8,Road,Rain,Standard,6441.0,8.23
897,288,8,1,Air,Clear,Standard,9324.0,5.77
475,151,5,3,Road,Clear,Standard,3281.0,5.13
558,200,4,6,Rail,Fog,Express,4805.0,6.21
965,221,5,2,Rail,Clear,Standard,5114.0,7.66
210,61,9,6,Road,Clear,Express,2389.0,4.43
307,179,10,6,Road,Clear,Express,3553.0,5.57
609,184,1,2,Road,Clear,Express,4161.0,4.1
195,168,10,7,Rail,Fog,Standard,2590.0,7.46
1126,55,10,2,Road,Clear,Express,6337.0,6.44
844,112,6,7,Road,Clear,Express,5389.0,5.96
807,40,4,1,Road,Clear,Standard,3751.0,5.95
507,258,9,7,Rail,Rain,Standard,5198.0,7.51
654,167,8,3,Road,Fog,Standard,4119.0,7.97
1593,144,2,1,Road,Fog,Standard,8141.0,8.47
1541,178,10,2,Road,Clear,Standard,7576.0,8.51
1300,141,5,7,Air,Rain,Standard,12005.0,6.93
449,132,3,8,Road,Clear,Standard,4358.0,4.62
202,209,10,6,Rail,Fog,Standard,2260.0,8.17
1284,130,10,8,Rail,Fog,Express,6614.0,8.6
121,94,9,6,Road,Clear,Standard,2367.0,5.26
1030,131,4,4,Road,Rain,Express,6180.0,6.42
1052,143,8,7,Road,Rain,Standard,7028.0,9.43
982,139,10,6,Rail,Clear,Standard,5067.0,7.82
917,242,8,2,Road,Rain,Standard,6555.0,7.91
598,175,7,6,Air,Clear,Standard,7586.0,5.69
465,69,2,2,Road,Clear,Express,3806.0,3.5
768,162,10,6,Air,Clear,Standard,7263.0,5.73
1092,88,6,8,Air,Clear,Standard,10608.0,6.1
320,36,7,2,Road,Clear,Standard,1713.0,4.93
1398,293,5,7,Road,Rain,Standard,8507.0,8.94
145,110,4,5,Road,Clear,Express,3344.0,3.34
1289,79,5,2,Air,Fog,Standard,10105.0,6.43
826,75,4,5,Road,Clear,Standard,4862.0,6.25
961,94,6,7,Road,Clear,Standard,6448.0,6.84
1041,296,5,5,Road,Fog,Standard,7295.0,9.05
1050,249,2,1,Road,Clear,Standard,6702.0,6.69
1167,160,7,5,Road,Clear,Express,6640.0,6.75
1006,114,4,7,Rail,Clear,Express,5184.0,7.26
395,154,2,8,Air,Clear,Standard,5231.0,2.45
621,285,1,6,Rail,Fog,Express,5392.0,6.63
481,220,5,2,Road,Clear,Standard,3686.0,5.4
189,236,1,3,Road,Rain,Standard,3219.0,5.15
800,152,4,1,Rail,Rain,Standard,4371.0,6.89
205,47,8,8,Road,Rain,Standard,2176.0,6.6
543,273,7,1,Road,Clear,Standard,4294.0,5.01
1584,240,9,6,Road,Rain,Standard,9215.0,9.97
929,226,6,5,Rail,Clear,Express,5836.0,6.11
319,298,2,8,Road,Clear,Express,4272.0,2.97
877,284,1,6,Rail,Clear,Standard,5520.0,7.24
1462,180,8,7,Road,Clear,Standard,8173.0,8.6
1445,289,8,6,Road,Clear,Standard,8970.0,8.12
134,252,7,5,Road,Clear,Express,3882.0,3.93
461,172,6,4,Air,Rain,Express,6158.0,3.54
699,31,5,7,Road,Clear,Express,4911.0,4.58
1335,119,3,4,Road,Rain,Standard,7984.0,6.55
392,104,5,6,Rail,Fog,Standard,3134.0,6.83
1208,58,2,5,Road,Clear,Standard,6429.0,6.12
1429,294,1,7,Road,Clear,Standard,8128.0,6.91
1323,184,5,5,Rail,Clear,Standard,6342.0,7.92
1128,273,10,5,Rail,Clear,Standard,5960.0,7.8
159,82,5,4,Road,Clear,Express,1672.0,3.45
1031,189,5,6,Air,Clear,Standard,9740.0,5.97
913,193,7,1,Rail,Fog,Standard,4558.0,8.99
718,30,1,5,Road,Clear,Express,4548.0,4.48
1036,113,4,3,Road,Clear,Express,5337.0,4.99
379,267,5,7,Rail,Clear,Express,4973.0,5.37
629,268,4,8,Road,Fog,Standard,5513.0,7.5
1276,232,1,1,Rail,Rain,Standard,6519.0,7.37
664,210,7,2,Road,Clear,Express,4711.0,4.44
1558,45,10,2,Road,Clear,Standard,8037.0,8.58
874,90,4,6,Rail,Clear,Standard,4734.0,6.86
602,283,5,1,Air,Clear,Standard,6379.0,3.78
1227,153,7,1,Road,Clear,Standard,6958.0,8.29
511,65,8,4,Road,Clear,Standard,3599.0,5.51
290,276,5,4,Road,Rain,Standard,3822.0,6.53
910,120,2,2,Road,Rain,Standard,5314.0,5.5
442,83,9,2,Road,Clear,Express,2454.0,4.72
886,57,5,5,Air,Rain,Standard,7874.0,5.72
475,281,7,4,Road,Clear,Standard,5342.0,5.56
725,230,10,3,Road,Clear,Standard,5559.0,6.27
463,121,8,1,Road,Rain,Express,3519.0,5.82
567,136,3,6,Road,Clear,Express,4188.0,4.89
877,151,10,6,Rail,Clear,Standard,4975.0,8.61
1348,123,6,5,Road,Clear,Express,6731.0,6.91
1492,70,1,4,Road,Clear,Standard,7667.0,7.05
618,200,5,3,Road,Rain,Express,4283.0,5.23
235,220,3,2,Road,Rain,Standard,2841.0,6.2
1047,113,7,7,Road,Clear,Standard,5898.0,7.69
606,206,9,1,Air,Clear,Standard,6299.0,4.4
1039,135,4,5,Road,Clear,Standard,6197.0,5.94
394,250,10,5,Rail,Clear,Express,4206.0,6.15
459,170,5,8,Rail,Clear,Express,4771.0,4.72
872,66,2,8,Road,Clear,Standard,6325.0,6.41
926,173,2,7,Rail,Fog,Standard,4725.0,8.1
257,178,4,3,Road,Rain,Standard,2584.0,5.59
285,146,5,5,Road,Clear,Standard,3813.0,5.68
1470,294,5,8,Road,Rain,Standard,10283.0,8.71
182,41,2,5,Road,Clear,Standard,2401.0,4.15
784,126,5,7,Road,Clear,Standard,4908.0,6.04
1175,285,2,2,Rail,Rain,Standard,7520.0,7.29
1310,51,8,6,Air,Clear,Express,11735.0,5.05
1168,99,3,1,Rail,Rain,Express,5321.0,6.17
820,84,8,6,Road,Clear,Standard,6239.0,6.7
344,197,5,7,Road,Clear,Standard,3352.0,5.24
625,214,2,7,Rail,Clear,Standard,5080.0,6.81
1539,222,7,8,Air,Rain,Standard,14346.0,8.51
856,199,4,6,Rail,Clear,Standard,5855.0,7.35
1381,116,9,4,Air,Clear,Standard,13268.0,6.71
127,262,6,1,Road,Rain,Standard,2618.0,5.12
1187,112,4,4,Road,Fog,Standard,6456.0,9.4
1421,187,10,4,Road,Rain,Standard,7806.0,9.47
1017,126,10,7,Road,Clear,Standard,5531.0,8.54
732,292,9,5,Rail,Clear,Standard,5633.0,7.56
1279,45,7,1,Road,Clear,Express,6353.0,6.01
203,117,4,7,Road,Clear,Express,2183.0,3.18
1066,61,6,6,Road,Clear,Express,6365.0,6.26
1549,131,9,1,Air,Rain,Express,13261.0,7.43
1085,231,8,2,Road,Clear,Standard,6890.0,7.31
779,192,5,4,Rail,Clear,Standard,5576.0,6.33
1380,163,8,6,Road,Clear,Standard,7652.0,8.16
1422,38,10,6,Rail,Clear,Standard,6491.0,8.6
1300,189,3,7,Road,Clear,Standard,7390.0,7.04
524,154,5,1,Rail,Rain,Express,2719.0,6.28
488,96,3,3,Road,Clear,Express,3178.0,3.12
404,131,9,4,Road,Clear,Express,3601.0,4.95
883,82,8,4,Road,Clear,Express,5483.0,6.11
624,281,7,6,Rail,Rain,Express,4590.0,7.83
480,175,4,5,Rail,Clear,Standard,3920.0,5.65
614,111,8,3,Road,Clear,Express,3887.0,4.8
351,244,6,8,Road,Clear,Express,4423.0,5.07
1433,65,4,6,Road,Fog,Standard,7448.0,8.2
425,176,9,3,Rail,Clear,Standard,3125.0,6.12
291,189,4,8,Road,Rain,Standard,3295.0,6.47
875,115,1,4,Rail,Rain,Standard,4592.0,7.23
1549,230,6,7,Road,Clear,Express,8949.0,8.02
931,147,6,2,Rail,Clear,Express,4895.0,6.35
1272,89,1,3,Road,Fog,Standard,6244.0,7.84
862,98,4,8,Rail,Rain,Standard,4326.0,7.91
177,31,2,7,Air,Clear,Standard,3158.0,3.55
481,294,4,1,Road,Clear,Standard,3958.0,3.88
1086,101,5,7,Rail,Rain,Standard,5562.0,8.9
1224,242,4,3,Rail,Rain,Express,6567.0,7.33
1069,48,1,2,Road,Clear,Standard,5372.0,4.88
412,76,7,5,Air,Clear,Express,5029.0,3.67
800,76,4,6,Rail,Clear,Standard,4321.0,6.35
550,293,7,3,Road,Rain,Standard,5915.0,6.47
1000,259,5,6,Road,Clear,Express,6408.0,6.3
1048,166,9,4,Rail,Clear,Express,5561.0,7.09
1303,222,5,4,Air,Rain,Express,11116.0,6.36
1339,55,6,1,Rail,Clear,Express,5354.0,6.61
710,257,7,2,Air,Clear,Standard,7634.0,4.84
253,34,10,7,Road,Fog,Express,1656.0,6.64
726,176,3,7,Rail,Clear,Standard,5669.0,6.13
1062,216,5,5,Road,Clear,Standard,7599.0,7.3
1463,130,8,8,Road,Clear,Standard,8601.0,8.53
1114,288,9,6,Rail,Clear,Standard,5856.0,8.92
309,102,10,4,Road,Clear,Standard,2835.0,6.52
925,203,3,5,Road,Rain,Standard,5295.0,6.18
105,161,10,5,Air,Rain,Standard,2612.0,3.8
1478,245,4,2,Air,Clear,Express,13895.0,4.63
467,286,4,1,Rail,Clear,Standard,3724.0,4.91
1186,178,3,3,Road,Clear,Standard,7188.0,7.93
682,81,8,7,Rail,Rain,Standard,3934.0,8.7
766,243,1,6,Road,Clear,Standard,5246.0,5.68
1498,221,7,7,Rail,Clear,Express,8075.0,7.43
401,113,8,3,Rail,Rain,Standard,3358.0,6.65
1187,36,4,4,Road,Clear,Standard,6068.0,6.37
1295,49,5,1,Road,Clear,Express,7082.0,5.94
1461,193,9,7,Road,Clear,Standard,8710.0,8.61
1223,90,3,6,Air,Clear,Standard,10956.0,5.84
471,178,3,2,Road,Rain,Standard,3398.0,5.08
230,124,5,1,Road,Rain,Express,2605.0,4.58
783,173,9,8,Road,Rain,Standard,5643.0,8.0
139,260,5,5,Rail,Clear,Standard,2771.0,4.58
1321,185,5,2,Road,Clear,Standard,7039.0,7.41
214,159,8,6,Road,Clear,Express,2584.0,4.1
1502,136,10,7,Road,Clear,Standard,8616.0,9.41
1334,38,6,7,Rail,Fog,Express,5925.0,8.74
206,185,10,1,Rail,Clear,Standard,2259.0,6.2
701,40,2,6,Rail,Clear,Express,4374.0,5.73
691,224,10,4,Air,Clear,Standard,7494.0,5.01
1434,150,1,5,Road,Rain,Standard,7407.0,8.18
264,97,10,3,Rail,Clear,Standard,1768.0,5.96
398,136,9,1,Road,Clear,Express,2850.0,3.92
1092,168,10,5,Road,Rain,Standard,6706.0,9.09
859,220,2,2,Road,Clear,Standard,5031.0,6.69
879,290,9,7,Air,Clear,Express,9574.0,4.7
442,224,7,7,Rail,Rain,Standard,4184.0,7.48
1238,267,7,6,Air,Rain,Standard,12520.0,7.45
466,96,5,8,Air,Rain,Standard,5737.0,5.88
812,237,10,5,Air,Clear,Standard,8451.0,6.06
1487,264,2,1,Air,Clear,Standard,13280.0,6.34
708,143,10,7,Rail,Fog,Standard,4307.0,8.75
1559,215,3,2,Road,Clear,Express,9629.0,6.33
754,170,9,4,Road,Clear,Standard,5135.0,6.22
1427,81,9,5,Air,Rain,Standard,12148.0,8.82
563,48,8,7,Road,Clear,Standard,4772.0,6.62
341,80,9,3,Road,Clear,Standard,2685.0,5.84
1086,262,9,2,Road,Clear,Standard,6363.0,7.3
408,153,2,2,Road,Rain,Standard,2794.0,5.04
1135,96,9,7,Road,Clear,Express,6359.0,6.75
687,212,4,8,Road,Clear,Standard,5343.0,6.42
599,33,4,4,Road,Clear,Standard,3490.0,5.3
590,81,9,7,Rail,Clear,Express,3722.0,6.8
1155,157,3,4,Road,Clear,Standard,6999.0,7.49
